{
  "model": "baseline_lr",
  "auc": 0.45694799658994034,
  "log_loss": 0.15083406412451286,
  "ctr": 0.034
}